{
  "on_time_auc": 1.0,
  "complete_auc": 0.40268065268065273,
  "lead_rmse": 0.43799932819282067
}